ID,COUNT,ACRES,newID
09001_138955,4,0.888,1
09001_136741,4,0.888,2
09001_135822,4,0.888,3
09001_135572,4,0.888,4
09001_139242,4,0.888,5
09001_139142,4,0.888,6
25003_35245,4,0.888,7
25003_15225,4,0.888,8
23031_94638,4,0.888,9
36119_000496,4,0.888,10
36103_264510,4,0.888,11
36103_202113,4,0.888,12
44009_40117,4,0.888,13
09001_136812,5,1.11,14
09001_139315,5,1.11,15
09001_135575,5,1.11,16
09001_139123,5,1.11,17
09001_139250,5,1.11,18
09011_053636,5,1.11,19
25007_03916,5,1.11,20
23015_08463,5,1.11,21
36091_60790,5,1.11,22
36071_056260,5,1.11,23
36071_048589,5,1.11,24
36103_139894,5,1.11,25
36113_25881,5,1.11,26
44009_17613,5,1.11,27
50025_27538,5,1.11,28
44009_22875,5,1.11,29
44007_068572,5,1.11,30
09001_138975,6,1.332,31
09001_267339,6,1.332,32
09001_139168,6,1.332,33
09001_139067,6,1.332,34
09001_137964,6,1.332,35
09011_103908,6,1.332,36
33003_03294,6,1.332,37
33003_03246,6,1.332,38
44005_01452,6,1.332,39
36103_284217,6,1.332,40
36113_27570,6,1.332,41
36103_253299,6,1.332,42
44009_17086,6,1.332,43
44009_17068,6,1.332,44
44005_07924,6,1.332,45
09001_152522,7,1.554,46
09001_200414,7,1.554,47
09001_145222,7,1.554,48
09005_40032,7,1.554,49
09011_052890,7,1.554,50
23025_08663,7,1.554,51
23003_13290,7,1.554,52
25007_02914,7,1.554,53
33015_048521,7,1.554,54
25027_107412,7,1.554,55
36119_185422,7,1.554,56
36091_61765,7,1.554,57
36103_002596,7,1.554,58
44009_22477,7,1.554,59
44009_16845,7,1.554,60
44009_42655,7,1.554,61
44009_28037,7,1.554,62
09001_138331,8,1.776,63
09001_104276,8,1.776,64
09009_052556,8,1.776,65
09011_054024,8,1.776,66
25003_01717,8,1.776,67
25007_03263,8,1.776,68
09015_14012,8,1.776,69
33003_39385,8,1.776,70
33003_38900,8,1.776,71
36103_184741,8,1.776,72
36103_178514,8,1.776,73
36103_114186,8,1.776,74
44009_17232,8,1.776,75
44005_09706,8,1.776,76
44009_10737,8,1.776,77
44009_17131,8,1.776,78
09001_067474,9,1.998,79
09001_138738,9,1.998,80
09001_200433,9,1.998,81
09001_137857,9,1.998,82
09001_104992,9,1.998,83
09001_139161,9,1.998,84
09001_138984,9,1.998,85
09001_108772,9,1.998,86
09001_139024,9,1.998,87
09001_135442,9,1.998,88
09001_200150,9,1.998,89
09001_135616,9,1.998,90
09001_136752,9,1.998,91
09007_07688,9,1.998,92
09007_43734,9,1.998,93
09011_103742,9,1.998,94
25003_13457,9,1.998,95
25003_62687,9,1.998,96
33015_048122,9,1.998,97
25015_34481,9,1.998,98
33003_38893,9,1.998,99
33003_03293,9,1.998,100
36119_193369,9,1.998,101
36071_121924,9,1.998,102
36103_574104,9,1.998,103
36103_003596,9,1.998,104
36119_055315,9,1.998,105
44009_16058,9,1.998,106
44009_22481,9,1.998,107
44009_22475,9,1.998,108
44009_22478,9,1.998,109
50009_3286,9,1.998,110
44009_25892,9,1.998,111
44009_24076,9,1.998,112
09001_224657,10,2.22,113
09001_147951,10,2.22,114
09001_072359,10,2.22,115
09001_069340,10,2.22,116
09001_167197,10,2.22,117
09001_138598,10,2.22,118
09001_139193,10,2.22,119
09001_139403,10,2.22,120
09001_139237,10,2.22,121
09001_138298,10,2.22,122
09001_069284,10,2.22,123
09011_092594,10,2.22,124
09011_078895,10,2.22,125
09011_083340,10,2.22,126
09011_083461,10,2.22,127
23031_66202,10,2.22,128
33003_38892,10,2.22,129
36103_023233,10,2.22,130
36119_184929,10,2.22,131
44009_25732,10,2.22,132
09001_139087,11,2.442,133
09001_139164,11,2.442,134
09001_139167,11,2.442,135
09001_139007,11,2.442,136
09001_063904,11,2.442,137
09001_063666,11,2.442,138
09001_152787,11,2.442,139
09001_137605,11,2.442,140
09001_199876,11,2.442,141
09001_200459,11,2.442,142
09001_200105,11,2.442,143
25007_10603,11,2.442,144
25003_13121,11,2.442,145
36119_193917,11,2.442,146
36103_254492,11,2.442,147
44009_17008,11,2.442,148
09001_139256,12,2.664,149
09001_139150,12,2.664,150
09001_265611,12,2.664,151
09001_139170,12,2.664,152
09001_138769,12,2.664,153
09001_064901,12,2.664,154
09001_267331,12,2.664,155
09001_138596,12,2.664,156
09001_138287,12,2.664,157
09001_265516,12,2.664,158
09001_267910,12,2.664,159
25003_58484,12,2.664,160
09015_27780,12,2.664,161
23023_00868,12,2.664,162
33003_47611,12,2.664,163
33015_044465,12,2.664,164
36103_152542,12,2.664,165
36027_046892,12,2.664,166
36091_61603,12,2.664,167
36103_265635,12,2.664,168
36103_106357,12,2.664,169
36111_04112,12,2.664,170
44009_16926,12,2.664,171
44009_33486,12,2.664,172
44009_25116,12,2.664,173
44007_089415,12,2.664,174
44009_02336,12,2.664,175
44009_22479,12,2.664,176
09001_200327,13,2.886,177
09001_255827,13,2.886,178
09001_266479,13,2.886,179
09001_265579,13,2.886,180
09001_267073,13,2.886,181
09009_018833,13,2.886,182
09001_268534,13,2.886,183
09011_078849,13,2.886,184
25007_05049,13,2.886,185
33003_47624,13,2.886,186
36103_196156,13,2.886,187
36103_026191,13,2.886,188
36111_49563,13,2.886,189
44007_067037,13,2.886,190
44009_23044,13,2.886,191
44009_23586,13,2.886,192
50027_17557,13,2.886,193
44007_097560,13,2.886,194
44009_06806,13,2.886,195
44009_25595,13,2.886,196
44009_16827,13,2.886,197
44009_25948,13,2.886,198
09001_136894,14,3.108,199
09001_138838,14,3.108,200
09001_265577,14,3.108,201
09001_267123,14,3.108,202
09001_138294,14,3.108,203
09001_135409,14,3.108,204
09001_266480,14,3.108,205
09001_138937,14,3.108,206
09001_267040,14,3.108,207
09013_30614,14,3.108,208
09011_075438,14,3.108,209
09011_076606,14,3.108,210
09005_02432,14,3.108,211
09011_025936,14,3.108,212
09001_267602,14,3.108,213
09011_085657,14,3.108,214
09001_268402,14,3.108,215
25007_05055,14,3.108,216
25007_14995,14,3.108,217
33009_38170,14,3.108,218
36091_12423,14,3.108,219
36071_121898,14,3.108,220
36119_166198,14,3.108,221
36083_11351,14,3.108,222
44007_046505,14,3.108,223
44007_057186,14,3.108,224
44007_097466,14,3.108,225
44009_25607,14,3.108,226
44009_16867,14,3.108,227
44007_097782,14,3.108,228
50027_04192,14,3.108,229
44009_33256,14,3.108,230
09001_267335,15,3.33,231
09001_123271,15,3.33,232
09001_138858,15,3.33,233
09001_072272,15,3.33,234
09001_265586,15,3.33,235
09001_138849,15,3.33,236
09001_267273,15,3.33,237
09007_42629,15,3.33,238
09001_267513,15,3.33,239
09001_267345,15,3.33,240
25003_40206,15,3.33,241
25007_18569,15,3.33,242
23031_30554,15,3.33,243
09013_30761,15,3.33,244
09015_27590,15,3.33,245
36103_151818,15,3.33,246
36079_37040,15,3.33,247
36103_160900,15,3.33,248
44007_045218,15,3.33,249
44007_089344,15,3.33,250
44007_066807,15,3.33,251
09001_139316,16,3.552,252
09001_138565,16,3.552,253
09001_142371,16,3.552,254
09001_138908,16,3.552,255
09001_106382,16,3.552,256
09001_063670,16,3.552,257
09001_139263,16,3.552,258
09001_200350,16,3.552,259
09001_267033,16,3.552,260
09001_138965,16,3.552,261
09011_076709,16,3.552,262
09001_267458,16,3.552,263
09011_026070,16,3.552,264
09013_30793,16,3.552,265
33015_046015,16,3.552,266
36091_61591,16,3.552,267
44009_44739,16,3.552,268
44007_067099,16,3.552,269
44007_048499,16,3.552,270
44007_059552,16,3.552,271
44007_066665,16,3.552,272
09001_148530,17,3.774,273
09001_139159,17,3.774,274
09001_267042,17,3.774,275
09001_138956,17,3.774,276
09001_139160,17,3.774,277
09001_268543,17,3.774,278
25003_19400,17,3.774,279
25007_18971,17,3.774,280
25007_01877,17,3.774,281
09013_30738,17,3.774,282
25013_043552,17,3.774,283
33015_081649,17,3.774,284
36109_24162,17,3.774,285
36103_192697,17,3.774,286
44009_17053,17,3.774,287
44009_51947,17,3.774,288
09001_139165,18,3.996,289
09001_152483,18,3.996,290
09001_055822,18,3.996,291
09001_138939,18,3.996,292
09001_137572,18,3.996,293
09001_148554,18,3.996,294
09001_266260,18,3.996,295
09001_107231,18,3.996,296
09009_018838,18,3.996,297
09001_267876,18,3.996,298
09013_30782,18,3.996,299
25007_07948,18,3.996,300
33003_40683,18,3.996,301
33013_15488,18,3.996,302
36119_128423,18,3.996,303
36091_00435,18,3.996,304
36119_192968,18,3.996,305
44009_46670,18,3.996,306
44009_30174,18,3.996,307
44009_51516,18,3.996,308
50027_04824,18,3.996,309
09001_138250,19,4.218,310
09001_265565,19,4.218,311
09001_137607,19,4.218,312
09001_265590,19,4.218,313
09001_265522,19,4.218,314
09001_139247,19,4.218,315
25003_12667,19,4.218,316
09013_30809,19,4.218,317
25011_30857,19,4.218,318
33007_14632,19,4.218,319
33015_064789,19,4.218,320
36071_122299,19,4.218,321
36023_01440,19,4.218,322
36091_89683,19,4.218,323
44009_33758,19,4.218,324
44009_36180,19,4.218,325
09001_138291,20,4.44,326
09001_067481,20,4.44,327
09001_138859,20,4.44,328
09001_267305,20,4.44,329
09009_046218,20,4.44,330
09007_42261,20,4.44,331
09001_267394,20,4.44,332
09013_31281,20,4.44,333
33017_27140,20,4.44,334
36113_36179,20,4.44,335
36031_03580,20,4.44,336
44009_17532,20,4.44,337
44007_045382,20,4.44,338
50021_28380,20,4.44,339
50021_22354,20,4.44,340
09001_139249,21,4.662,341
09001_267889,21,4.662,342
09009_109297,21,4.662,343
09015_15754,21,4.662,344
25003_00843,21,4.662,345
09015_23771,21,4.662,346
25003_17526,21,4.662,347
25013_018804,21,4.662,348
25011_23582,21,4.662,349
36075_20126,21,4.662,350
36027_016679,21,4.662,351
36119_184368,21,4.662,352
36103_151735,21,4.662,353
36119_240423,21,4.662,354
50025_10441,21,4.662,355
09001_123273,22,4.884,356
09001_072276,22,4.884,357
09001_200446,22,4.884,358
09001_139355,22,4.884,359
09001_267347,22,4.884,360
09011_026806,22,4.884,361
25003_51558,22,4.884,362
33005_21270,22,4.884,363
36091_90526,22,4.884,364
36119_229747,22,4.884,365
44009_09194,22,4.884,366
09001_108730,23,5.106,367
09001_139348,23,5.106,368
09001_267484,23,5.106,369
25003_64402,23,5.106,370
09015_17775,23,5.106,371
25003_08560,23,5.106,372
36045_01580,23,5.106,373
36119_033668,23,5.106,374
36119_194121,23,5.106,375
36103_277257,23,5.106,376
36119_194624,23,5.106,377
09001_152869,24,5.328,378
09001_265589,24,5.328,379
09001_267038,24,5.328,380
09009_152277,24,5.328,381
09011_063652,24,5.328,382
09011_042026,24,5.328,383
25003_12191,24,5.328,384
25007_06106,24,5.328,385
33005_33856,24,5.328,386
25015_25025,24,5.328,387
36065_044442,24,5.328,388
36091_60321,24,5.328,389
36119_194610,24,5.328,390
50025_02891,24,5.328,391
09001_138954,25,5.55,392
09001_152840,25,5.55,393
09001_267013,25,5.55,394
09015_28939,25,5.55,395
33015_046039,25,5.55,396
50027_16239,25,5.55,397
44009_10718,25,5.55,398
09001_067068,26,5.772,399
09001_152849,26,5.772,400
09001_267026,26,5.772,401
09001_137580,26,5.772,402
09001_267359,26,5.772,403
09011_025702,26,5.772,404
09005_75401,26,5.772,405
09011_025697,26,5.772,406
25003_44905,26,5.772,407
25003_42524,26,5.772,408
33005_21660,26,5.772,409
36103_000304,26,5.772,410
44009_25769,26,5.772,411
09001_139140,27,5.994,412
09001_138860,27,5.994,413
09001_267048,27,5.994,414
44007_066137,27,5.994,415
44009_17217,27,5.994,416
09001_138293,28,6.216,417
09001_267448,28,6.216,418
09011_025683,28,6.216,419
25011_38749,28,6.216,420
36119_184615,28,6.216,421
36035_03235,28,6.216,422
44009_25844,28,6.216,423
09001_152837,29,6.438,424
09005_67104,29,6.438,425
23031_94346,29,6.438,426
25007_06810,29,6.438,427
33009_57648,29,6.438,428
33001_38567,29,6.438,429
33017_30584,29,6.438,430
33015_056543,29,6.438,431
36103_104348,29,6.438,432
44007_064675,29,6.438,433
44009_24797,29,6.438,434
09001_148557,30,6.66,435
09001_139135,30,6.66,436
09011_025239,30,6.66,437
36103_035876,30,6.66,438
09001_072442,31,6.882,439
09001_267043,31,6.882,440
09001_139082,31,6.882,441
09009_023427,31,6.882,442
09001_268689,31,6.882,443
09015_17778,31,6.882,444
33003_24412,31,6.882,445
09001_265607,32,7.104,446
09001_268478,32,7.104,447
25003_02213,32,7.104,448
25007_07386,32,7.104,449
09013_30760,32,7.104,450
25007_14819,32,7.104,451
33005_39294,32,7.104,452
36075_19488,32,7.104,453
09001_139261,33,7.326,454
09001_135417,33,7.326,455
09001_139255,33,7.326,456
09005_67520,33,7.326,457
09009_022321,33,7.326,458
25007_00523,33,7.326,459
36119_194473,33,7.326,460
36091_89994,33,7.326,461
36111_74526,33,7.326,462
36079_36041,33,7.326,463
09001_139260,34,7.548,464
09001_135544,34,7.548,465
25003_09184,34,7.548,466
25007_08689,34,7.548,467
33005_33855,34,7.548,468
33017_07409,34,7.548,469
25013_135936,34,7.548,470
44007_045174,34,7.548,471
09001_139088,35,7.77,472
09009_001194,35,7.77,473
09005_40035,35,7.77,474
09009_152226,35,7.77,475
25009_083312,35,7.77,476
33005_39300,35,7.77,477
33015_048114,35,7.77,478
33017_07399,35,7.77,479
36065_101091,35,7.77,480
44005_03226,35,7.77,481
09001_267463,36,7.992,482
25007_06535,36,7.992,483
33015_056524,36,7.992,484
36119_193986,36,7.992,485
09001_139041,37,8.214,486
09001_147958,37,8.214,487
09001_268686,37,8.214,488
25011_06452,37,8.214,489
25015_21929,37,8.214,490
36103_265300,37,8.214,491
36031_10458,37,8.214,492
44009_17562,37,8.214,493
09001_139090,38,8.436,494
09005_66997,38,8.436,495
09005_00647,38,8.436,496
36103_197290,38,8.436,497
50003_13795,38,8.436,498
44009_30337,38,8.436,499
09009_044697,39,8.658,500
09007_31336,39,8.658,501
09005_20650,39,8.658,502
25007_16598,39,8.658,503
33003_24489,39,8.658,504
44009_25541,39,8.658,505
09001_139262,40,8.88,506
09001_267334,40,8.88,507
09001_139319,40,8.88,508
25003_69952,40,8.88,509
25003_35821,40,8.88,510
25023_161861,40,8.88,511
25015_50518,40,8.88,512
09001_152328,41,9.102,513
09001_138823,41,9.102,514
23031_30391,41,9.102,515
33003_17508,41,9.102,516
33017_07238,41,9.102,517
33007_21948,41,9.102,518
36103_083742,41,9.102,519
44007_045230,41,9.102,520
50025_24288,41,9.102,521
09001_267074,42,9.324,522
09013_05632,42,9.324,523
25011_04627,42,9.324,524
25011_35648,42,9.324,525
36045_34843,42,9.324,526
09001_267371,43,9.546,527
33005_14126,43,9.546,528
09001_267349,44,9.768,529
36079_36033,44,9.768,530
36119_193245,44,9.768,531
50017_06942,44,9.768,532
09001_265492,45,9.99,533
09001_142506,45,9.99,534
09007_08925,45,9.99,535
23031_82410,45,9.99,536
25007_07527,45,9.99,537
33013_45102,45,9.99,538
36045_01608,45,9.99,539
36029_255707,45,9.99,540
36115_12629,45,9.99,541
09001_265523,46,10.212,542
09005_75443,46,10.212,543
25003_33817,46,10.212,544
50025_03129,46,10.212,545
09001_138941,47,10.434,546
09001_266983,47,10.434,547
09005_71764,47,10.434,548
25007_04990,47,10.434,549
25003_17138,47,10.434,550
33017_06500,47,10.434,551
50003_11072,47,10.434,552
50027_23125,47,10.434,553
09001_067709,48,10.656,554
09001_139353,48,10.656,555
09001_139267,48,10.656,556
25023_105317,48,10.656,557
36103_075452,48,10.656,558
50003_19429,48,10.656,559
09001_268527,49,10.878,560
09003_160049,49,10.878,561
25011_29605,49,10.878,562
36065_023489,49,10.878,563
36019_00719,49,10.878,564
44009_12777,49,10.878,565
25007_20233,50,11.1,566
33003_06361,50,11.1,567
33017_07431,50,11.1,568
09001_267333,51,11.322,569
09007_08100,52,11.544,570
25007_12419,52,11.544,571
23031_21859,52,11.544,572
33017_34143,52,11.544,573
33007_22533,52,11.544,574
33017_30601,52,11.544,575
36103_143064,52,11.544,576
36113_26220,52,11.544,577
44007_066511,52,11.544,578
33015_080493,53,11.766,579
33003_24228,53,11.766,580
33007_22528,53,11.766,581
09005_40036,54,11.988,582
25007_03342,54,11.988,583
25003_05053,54,11.988,584
36103_281635,54,11.988,585
44009_20716,54,11.988,586
09001_267065,55,12.21,587
25007_12621,55,12.21,588
25007_01178,55,12.21,589
23005_007588,55,12.21,590
25015_14675,55,12.21,591
25011_36616,55,12.21,592
25015_14010,55,12.21,593
36045_12744,55,12.21,594
44009_20776,55,12.21,595
09001_136318,56,12.432,596
25007_08870,56,12.432,597
25007_12347,56,12.432,598
23023_18116,56,12.432,599
25011_04104,56,12.432,600
25003_33826,56,12.432,601
33015_000141,56,12.432,602
36045_01611,56,12.432,603
50027_23791,56,12.432,604
44009_16188,56,12.432,605
09001_064608,57,12.654,606
09007_04435,57,12.654,607
23031_62402,57,12.654,608
36119_184279,57,12.654,609
09001_267457,58,12.876,610
09011_053468,58,12.876,611
36027_025181,58,12.876,612
36103_035280,58,12.876,613
36103_159129,58,12.876,614
50025_27058,58,12.876,615
25003_26153,59,13.098,616
23031_15725,59,13.098,617
25007_19768,59,13.098,618
23031_92758,60,13.32,619
36009_12498,60,13.32,620
36103_152653,60,13.32,621
50027_30799,60,13.32,622
44009_16248,60,13.32,623
09001_063861,61,13.542,624
09001_152858,61,13.542,625
09001_267940,61,13.542,626
25003_28750,61,13.542,627
36119_066558,61,13.542,628
36103_271461,61,13.542,629
44009_25099,61,13.542,630
44007_075527,61,13.542,631
09001_137486,62,13.764,632
09009_124352,62,13.764,633
09013_18123,62,13.764,634
25003_45383,62,13.764,635
25003_13560,62,13.764,636
36103_281566,62,13.764,637
44009_24225,62,13.764,638
50027_34231,62,13.764,639
09001_139200,63,13.986,640
50025_25126,63,13.986,641
44007_061036,63,13.986,642
44009_16747,63,13.986,643
09001_139143,64,14.208,644
23017_34944,64,14.208,645
25011_23996,64,14.208,646
36091_11368,64,14.208,647
09001_138174,65,14.43,648
23031_83244,65,14.43,649
25015_53051,65,14.43,650
36065_044520,65,14.43,651
09009_125228,66,14.652,652
09005_22515,66,14.652,653
33003_24303,66,14.652,654
33015_103140,66,14.652,655
36103_102429,66,14.652,656
09007_09059,67,14.874,657
23023_18042,67,14.874,658
25003_72109,67,14.874,659
33003_21287,67,14.874,660
09005_38966,68,15.096,661
36119_136224,68,15.096,662
50017_07829,68,15.096,663
50027_33672,68,15.096,664
25007_18471,69,15.318,665
09011_077024,70,15.54,666
25003_67458,70,15.54,667
36089_00143,70,15.54,668
09001_137550,71,15.762,669
09001_267441,71,15.762,670
09009_052558,71,15.762,671
33003_38732,71,15.762,672
50025_09330,71,15.762,673
09001_137823,72,15.984,674
23007_01136,72,15.984,675
33005_18298,72,15.984,676
09001_138186,73,16.206,677
25003_37257,73,16.206,678
25015_46860,73,16.206,679
23031_02602,74,16.428,680
33017_07369,74,16.428,681
44005_05492,74,16.428,682
44009_24681,74,16.428,683
09001_139252,75,16.65,684
09001_267442,75,16.65,685
09015_00840,75,16.65,686
09001_152880,76,16.872,687
09001_267337,76,16.872,688
09005_20254,76,16.872,689
36065_046752,76,16.872,690
09001_138988,77,17.094,691
23031_98526,77,17.094,692
09013_31325,77,17.094,693
09003_074160,78,17.316,694
09011_063677,78,17.316,695
09001_267467,78,17.316,696
09013_09798,78,17.316,697
33007_22772,78,17.316,698
36019_08944,79,17.538,699
50019_07648,79,17.538,700
09001_064375,80,17.76,701
09001_136789,80,17.76,702
09007_34679,80,17.76,703
25007_20364,80,17.76,704
36103_034051,80,17.76,705
36065_023494,80,17.76,706
44009_22474,80,17.76,707
09001_267028,81,17.982,708
09001_139414,82,18.204,709
09001_139185,82,18.204,710
09001_267439,82,18.204,711
25003_02567,82,18.204,712
25027_282796,82,18.204,713
36011_04529,82,18.204,714
33005_28207,82,18.204,715
33009_36017,82,18.204,716
36029_156342,82,18.204,717
09001_191375,83,18.426,718
09001_137803,83,18.426,719
09013_30607,83,18.426,720
09013_09803,83,18.426,721
25011_14643,83,18.426,722
09015_26614,83,18.426,723
09001_267027,84,18.648,724
09001_267471,84,18.648,725
44005_02312,84,18.648,726
09001_139085,85,18.87,727
44009_17389,85,18.87,728
33017_07307,86,19.092,729
33007_20808,86,19.092,730
09001_267336,87,19.314,731
09001_268457,87,19.314,732
09011_025630,87,19.314,733
25011_00117,87,19.314,734
25013_140228,87,19.314,735
44005_07305,87,19.314,736
25003_34700,88,19.536,737
36103_017694,88,19.536,738
25003_13004,89,19.758,739
25007_03089,89,19.758,740
33017_30993,89,19.758,741
36119_135246,89,19.758,742
09011_078879,90,19.98,743
23031_74864,90,19.98,744
44009_22463,90,19.98,745
44005_06403,91,20.202,746
09001_139379,92,20.424,747
09013_09697,92,20.424,748
25003_51982,92,20.424,749
25011_03118,93,20.646,750
36011_13459,93,20.646,751
09001_137785,94,20.868,752
09001_139231,94,20.868,753
33005_14906,95,21.09,754
09005_75409,96,21.312,755
25007_03389,96,21.312,756
33019_26897,96,21.312,757
36111_50973,96,21.312,758
09005_40034,97,21.534,759
36119_193661,97,21.534,760
50003_11233,97,21.534,761
09001_133669,98,21.756,762
09011_042239,98,21.756,763
09015_18348,99,21.978,764
23031_03713,100,22.2,765
09001_138299,101,22.422,766
33003_15906,101,22.422,767
33003_21243,101,22.422,768
25015_12320,102,22.644,769
36119_154507,102,22.644,770
09011_026889,103,22.866,771
25003_52541,103,22.866,772
25015_39988,104,23.088,773
33003_15358,104,23.088,774
36019_26237,104,23.088,775
50003_18319,104,23.088,776
09001_268705,105,23.31,777
23009_44262,105,23.31,778
25013_011402,105,23.31,779
33005_21832,105,23.31,780
36115_15025,105,23.31,781
50005_14019,105,23.31,782
44009_32686,105,23.31,783
25005_020999,106,23.532,784
50025_17948,106,23.532,785
23031_62624,107,23.754,786
36111_50971,107,23.754,787
44009_15267,107,23.754,788
09015_00353,108,23.976,789
09001_104440,109,24.198,790
09013_30759,109,24.198,791
33003_38630,109,24.198,792
09001_139320,110,24.42,793
09005_25183,110,24.42,794
50003_11101,110,24.42,795
09007_08600,111,24.642,796
25009_225527,111,24.642,797
36037_01215,111,24.642,798
33005_36337,112,24.864,799
36027_028218,112,24.864,800
25011_29026,113,25.086,801
36079_15186,113,25.086,802
50003_17465,114,25.308,803
33009_58410,115,25.53,804
09011_026891,116,25.752,805
33015_045910,116,25.752,806
25011_37400,118,26.196,807
09001_138285,119,26.418,808
09011_053276,119,26.418,809
09007_39988,119,26.418,810
25015_33337,119,26.418,811
50005_15152,119,26.418,812
44009_30760,119,26.418,813
36111_23067,120,26.64,814
50003_07065,120,26.64,815
09011_026890,121,26.862,816
09011_041948,121,26.862,817
36027_025065,121,26.862,818
36033_06842,121,26.862,819
50017_14345,121,26.862,820
44009_09849,121,26.862,821
09001_138290,122,27.084,822
09001_065208,122,27.084,823
23009_51250,122,27.084,824
33003_38706,122,27.084,825
36115_15026,122,27.084,826
50003_09011,122,27.084,827
09001_139417,123,27.306,828
23023_17763,123,27.306,829
09001_267254,124,27.528,830
09005_75562,124,27.528,831
33017_33989,124,27.528,832
33017_07155,124,27.528,833
33015_048140,124,27.528,834
36119_184162,124,27.528,835
36083_04620,124,27.528,836
09001_067065,125,27.75,837
23023_05861,125,27.75,838
33005_21787,125,27.75,839
33001_21921,125,27.75,840
44007_053217,125,27.75,841
33003_24962,126,27.972,842
33005_02124,126,27.972,843
36119_032994,126,27.972,844
50027_04073,126,27.972,845
50027_00144,127,28.194,846
09001_267342,129,28.638,847
09011_076301,129,28.638,848
23031_28065,129,28.638,849
09015_03473,129,28.638,850
09001_139340,130,28.86,851
50005_04384,130,28.86,852
09001_267995,131,29.082,853
33003_44300,131,29.082,854
50021_30834,131,29.082,855
50027_01580,131,29.082,856
09001_139277,132,29.304,857
33015_103322,132,29.304,858
50007_36290,132,29.304,859
09001_067533,133,29.526,860
09011_025942,133,29.526,861
09001_139166,134,29.748,862
33005_39380,134,29.748,863
44009_20521,134,29.748,864
44007_040313,134,29.748,865
36119_184953,135,29.97,866
50007_34856,135,29.97,867
44007_066871,135,29.97,868
09011_053659,136,30.192,869
09001_267350,138,30.636,870
33003_08787,138,30.636,871
50027_33230,138,30.636,872
33003_03304,139,30.858,873
36031_23130,139,30.858,874
36035_11553,139,30.858,875
25003_21643,140,31.08,876
25027_112223,140,31.08,877
25027_022022,140,31.08,878
44007_000319,140,31.08,879
25027_099295,141,31.302,880
09001_139251,142,31.524,881
09001_267352,142,31.524,882
50003_14154,142,31.524,883
09005_66112,143,31.746,884
25015_39721,143,31.746,885
36119_234934,143,31.746,886
25011_34647,144,31.968,887
44003_14133,144,31.968,888
09015_26964,145,32.19,889
36119_127912,145,32.19,890
50003_19854,145,32.19,891
44009_23678,145,32.19,892
23031_94283,146,32.412,893
50021_28433,146,32.412,894
09001_069393,147,32.634,895
33017_07208,147,32.634,896
09001_072109,148,32.856,897
09005_66113,148,32.856,898
09001_267351,148,32.856,899
09001_200141,149,33.078,900
09005_67797,149,33.078,901
50001_05211,149,33.078,902
50003_18553,151,33.522,903
50027_11187,151,33.522,904
09005_84821,152,33.744,905
33015_055696,152,33.744,906
09005_75559,153,33.966,907
23031_23215,153,33.966,908
36119_019501,153,33.966,909
50021_28974,153,33.966,910
09013_15058,154,34.188,911
25003_25746,154,34.188,912
25015_53824,154,34.188,913
36019_07893,156,34.632,914
09001_266946,157,34.854,915
09011_054022,157,34.854,916
25009_214168,158,35.076,917
25011_20590,158,35.076,918
36027_018599,158,35.076,919
09001_267059,159,35.298,920
23017_05834,159,35.298,921
09011_042063,160,35.52,922
36115_14978,160,35.52,923
09011_103192,161,35.742,924
44009_01280,161,35.742,925
09001_139163,162,35.964,926
09001_251726,163,36.186,927
23005_036907,163,36.186,928
36031_24266,163,36.186,929
33011_117828,164,36.408,930
33015_088723,164,36.408,931
36007_00990,164,36.408,932
44007_097443,164,36.408,933
44009_51291,164,36.408,934
09001_267070,165,36.63,935
36045_26306,165,36.63,936
36119_137224,166,36.852,937
50027_34017,166,36.852,938
09001_139111,167,37.074,939
36095_11262,167,37.074,940
23031_96154,168,37.296,941
09005_40009,170,37.74,942
23025_05494,170,37.74,943
25005_010562,171,37.962,944
23031_40864,172,38.184,945
09011_026323,173,38.406,946
33005_21848,173,38.406,947
50025_16104,173,38.406,948
09001_138289,174,38.628,949
33017_07847,174,38.628,950
36027_021661,174,38.628,951
09011_083313,175,38.85,952
33011_125973,175,38.85,953
09001_268637,176,39.072,954
23023_05868,176,39.072,955
25015_32343,176,39.072,956
36031_07868,176,39.072,957
50003_07819,176,39.072,958
44007_056925,176,39.072,959
44009_20697,176,39.072,960
36025_23265,178,39.516,961
09001_138217,179,39.738,962
50027_05052,179,39.738,963
44007_097683,179,39.738,964
09011_048614,180,39.96,965
25003_18643,180,39.96,966
44007_088980,181,40.182,967
44007_060562,181,40.182,968
50003_08098,182,40.404,969
09001_267044,183,40.626,970
23023_09197,183,40.626,971
25013_131296,183,40.626,972
23031_92637,184,40.848,973
09001_138953,186,41.292,974
09011_078891,186,41.292,975
44007_089586,186,41.292,976
33003_43689,187,41.514,977
44009_16245,188,41.736,978
23017_09611,190,42.18,979
36027_017138,190,42.18,980
25011_32471,191,42.402,981
44009_39923,191,42.402,982
09011_080511,192,42.624,983
23031_82089,192,42.624,984
23007_23559,192,42.624,985
25003_23835,193,42.846,986
23023_05865,193,42.846,987
36021_00983,193,42.846,988
23007_23519,194,43.068,989
36027_015633,194,43.068,990
09011_026034,196,43.512,991
25023_024408,196,43.512,992
36113_40350,196,43.512,993
44009_13478,197,43.734,994
44009_15115,197,43.734,995
09003_160971,198,43.956,996
09005_39187,198,43.956,997
44009_35600,198,43.956,998
36119_128286,199,44.178,999
36065_046554,200,44.4,1000
23023_05854,201,44.622,1001
09001_072281,202,44.844,1002
09001_267014,202,44.844,1003
09011_053271,203,45.066,1004
36103_043945,203,45.066,1005
09013_31562,204,45.288,1006
36091_57830,204,45.288,1007
36031_24521,204,45.288,1008
36079_12085,205,45.51,1009
09001_267456,206,45.732,1010
36103_287295,207,45.954,1011
09011_026892,208,46.176,1012
09001_267370,208,46.176,1013
33019_25904,208,46.176,1014
23023_05869,209,46.398,1015
25003_07715,209,46.398,1016
33015_048083,210,46.62,1017
36007_53854,210,46.62,1018
09001_267049,211,46.842,1019
09011_078906,211,46.842,1020
33005_33853,211,46.842,1021
36091_09752,211,46.842,1022
09001_061309,212,47.064,1023
23025_08363,212,47.064,1024
36039_09705,212,47.064,1025
33017_05585,214,47.508,1026
44007_045178,214,47.508,1027
09007_33025,215,47.73,1028
33003_23486,215,47.73,1029
25007_02445,216,47.952,1030
09013_10129,217,48.174,1031
50027_01673,217,48.174,1032
25003_49076,218,48.396,1033
44009_50006,218,48.396,1034
36109_06749,219,48.618,1035
09001_137574,220,48.84,1036
09013_30795,220,48.84,1037
09009_052557,221,49.062,1038
09015_01483,222,49.284,1039
50021_30109,222,49.284,1040
25003_69881,223,49.506,1041
09013_30768,223,49.506,1042
33003_15237,223,49.506,1043
09001_139378,224,49.728,1044
09013_12966,224,49.728,1045
23023_18310,224,49.728,1046
36031_10552,224,49.728,1047
44007_045401,224,49.728,1048
44009_20623,224,49.728,1049
09013_43488,226,50.172,1050
09001_072273,227,50.394,1051
50007_34650,227,50.394,1052
33003_38151,228,50.616,1053
09011_029143,229,50.838,1054
23023_17735,230,51.06,1055
33017_30317,230,51.06,1056
50025_08180,230,51.06,1057
25015_58543,233,51.726,1058
09001_267058,234,51.948,1059
09005_75555,236,52.392,1060
44007_056441,236,52.392,1061
09011_067884,237,52.614,1062
25007_15246,237,52.614,1063
09011_026894,238,52.836,1064
33015_000147,238,52.836,1065
09011_041216,239,53.058,1066
50015_00976,239,53.058,1067
23031_96028,240,53.28,1068
33007_18643,240,53.28,1069
09015_40268,241,53.502,1070
36027_023771,241,53.502,1071
44009_20630,241,53.502,1072
44007_060600,241,53.502,1073
44007_065978,241,53.502,1074
09001_145228,243,53.946,1075
09001_267992,244,54.168,1076
25003_21583,244,54.168,1077
09015_25703,245,54.39,1078
33015_048084,245,54.39,1079
33003_01808,245,54.39,1080
50003_07030,245,54.39,1081
25011_09232,246,54.612,1082
23017_16014,246,54.612,1083
09005_25308,249,55.278,1084
33003_15368,249,55.278,1085
25011_37343,249,55.278,1086
50019_08076,249,55.278,1087
09001_251628,250,55.5,1088
09005_20754,251,55.722,1089
33011_127468,251,55.722,1090
09009_052543,252,55.944,1091
33003_03303,252,55.944,1092
09011_077089,254,56.388,1093
09011_041089,254,56.388,1094
33005_14868,254,56.388,1095
36065_101042,254,56.388,1096
25005_106157,255,56.61,1097
09001_251674,257,57.054,1098
50021_25689,257,57.054,1099
09007_18822,258,57.276,1100
25005_096215,259,57.498,1101
09015_01627,259,57.498,1102
33013_16358,259,57.498,1103
36091_09973,259,57.498,1104
36113_26554,259,57.498,1105
25009_168898,260,57.72,1106
09011_079322,261,57.942,1107
36021_01886,262,58.164,1108
36091_60117,263,58.386,1109
09011_025628,264,58.608,1110
23031_94588,265,58.83,1111
23015_08995,265,58.83,1112
09001_267235,266,59.052,1113
09003_015945,266,59.052,1114
09011_076743,267,59.274,1115
09011_026076,268,59.496,1116
09005_68035,269,59.718,1117
36027_019934,270,59.94,1118
36119_237263,270,59.94,1119
36109_06743,271,60.162,1120
09011_041945,272,60.384,1121
25003_19483,272,60.384,1122
44007_089074,272,60.384,1123
33005_33530,273,60.606,1124
36115_10227,273,60.606,1125
09001_267346,274,60.828,1126
09003_074511,275,61.05,1127
25023_068466,276,61.272,1128
09007_09094,277,61.494,1129
33011_090811,277,61.494,1130
33005_28203,277,61.494,1131
36031_31227,278,61.716,1132
23023_06033,280,62.16,1133
44007_104041,281,62.382,1134
09013_14552,282,62.604,1135
25003_01429,282,62.604,1136
25003_13436,282,62.604,1137
33011_119374,282,62.604,1138
44007_045184,282,62.604,1139
33015_043867,284,63.048,1140
36027_082229,284,63.048,1141
36021_02944,284,63.048,1142
44009_11323,285,63.27,1143
09011_048813,287,63.714,1144
25027_070681,288,63.936,1145
23005_135856,289,64.158,1146
09005_66676,290,64.38,1147
36007_53893,290,64.38,1148
23023_06144,291,64.602,1149
33003_25174,291,64.602,1150
36103_082308,291,64.602,1151
44007_060985,292,64.824,1152
09015_00522,293,65.046,1153
25015_09782,293,65.046,1154
36045_26248,293,65.046,1155
23031_92622,294,65.268,1156
33017_36354,294,65.268,1157
44009_20774,294,65.268,1158
33003_44102,295,65.49,1159
33005_21254,295,65.49,1160
36113_30666,295,65.49,1161
23023_06116,296,65.712,1162
09011_025724,297,65.934,1163
33017_08163,297,65.934,1164
44005_08034,297,65.934,1165
09011_092245,298,66.156,1166
36049_07079,298,66.156,1167
50007_01336,299,66.378,1168
44007_089117,299,66.378,1169
23023_18317,300,66.6,1170
44009_49793,301,66.822,1171
09007_18437,302,67.044,1172
33013_16919,304,67.488,1173
36109_06521,304,67.488,1174
33013_31546,305,67.71,1175
23023_05864,306,67.932,1176
09011_076733,308,68.376,1177
09013_32553,309,68.598,1178
25023_028146,309,68.598,1179
44003_03845,309,68.598,1180
50021_28598,309,68.598,1181
09011_026583,310,68.82,1182
09011_053681,310,68.82,1183
25027_162848,311,69.042,1184
09015_05801,312,69.264,1185
33007_08978,319,70.818,1186
36019_08939,319,70.818,1187
09011_052866,320,71.04,1188
36079_02860,321,71.262,1189
09005_77665,322,71.484,1190
25015_11429,322,71.484,1191
50003_19795,324,71.928,1192
09005_56084,326,72.372,1193
33005_14814,327,72.594,1194
36119_127145,327,72.594,1195
09007_18430,329,73.038,1196
23011_43104,329,73.038,1197
36103_079342,329,73.038,1198
09005_77666,330,73.26,1199
44003_17244,330,73.26,1200
50021_28640,330,73.26,1201
09007_39577,331,73.482,1202
25027_011518,331,73.482,1203
09015_24992,334,74.148,1204
33019_21597,335,74.37,1205
44009_23734,336,74.592,1206
36009_17264,341,75.702,1207
33007_09647,343,76.146,1208
50005_15665,344,76.368,1209
36109_06751,346,76.812,1210
50017_13382,347,77.034,1211
09001_138951,348,77.256,1212
25003_11795,348,77.256,1213
25011_07410,348,77.256,1214
09007_18354,349,77.478,1215
09001_106589,350,77.7,1216
25023_050699,350,77.7,1217
50005_17002,351,77.922,1218
09001_137653,352,78.144,1219
44009_20615,357,79.254,1220
36041_12507,359,79.698,1221
09001_072663,360,79.92,1222
23023_05871,360,79.92,1223
25023_137601,362,80.364,1224
50001_07600,364,80.808,1225
09011_068609,368,81.696,1226
25003_44223,368,81.696,1227
25007_01024,369,81.918,1228
09001_139232,370,82.14,1229
25007_04327,370,82.14,1230
23031_31323,372,82.584,1231
23017_18805,372,82.584,1232
23031_04523,373,82.806,1233
09011_047462,376,83.472,1234
09011_083139,377,83.694,1235
09011_042376,380,84.36,1236
36027_016529,380,84.36,1237
36119_185027,385,85.47,1238
25027_268026,387,85.914,1239
09005_75511,388,86.136,1240
36065_044574,389,86.358,1241
36115_15017,390,86.58,1242
09011_027594,392,87.024,1243
09007_18344,394,87.468,1244
25023_174652,394,87.468,1245
09001_139382,395,87.69,1246
36019_11155,395,87.69,1247
25003_58464,396,87.912,1248
25003_08634,397,88.134,1249
36027_025419,397,88.134,1250
09011_025904,398,88.356,1251
09011_042757,399,88.578,1252
09005_69288,399,88.578,1253
33011_127354,399,88.578,1254
44007_058634,401,89.022,1255
09001_198019,402,89.244,1256
23023_05890,403,89.466,1257
23031_09490,403,89.466,1258
33003_08916,403,89.466,1259
09005_00115,404,89.688,1260
36091_60263,405,89.91,1261
09011_041115,406,90.132,1262
36039_17234,407,90.354,1263
50023_19488,409,90.798,1264
09007_07379,410,91.02,1265
36083_04673,410,91.02,1266
50021_19923,411,91.242,1267
44009_12780,411,91.242,1268
44009_22736,411,91.242,1269
50027_01395,412,91.464,1270
09007_18418,413,91.686,1271
09007_08689,413,91.686,1272
23031_30035,414,91.908,1273
36013_43505,414,91.908,1274
25003_05371,415,92.13,1275
36031_24242,416,92.352,1276
09011_096741,418,92.796,1277
33015_043314,419,93.018,1278
09005_02151,421,93.462,1279
33017_07075,421,93.462,1280
36027_022373,421,93.462,1281
25023_126271,422,93.684,1282
25015_45625,424,94.128,1283
50021_04944,428,95.016,1284
09011_040608,432,95.904,1285
09011_080519,432,95.904,1286
36091_59697,434,96.348,1287
36009_42535,435,96.57,1288
33007_22758,437,97.014,1289
09001_139253,438,97.236,1290
25011_24973,438,97.236,1291
23023_18319,441,97.902,1292
44009_24074,443,98.346,1293
09011_087027,446,99.012,1294
33013_38926,446,99.012,1295
36113_25169,446,99.012,1296
50027_11319,447,99.234,1297
36065_046265,449,99.678,1298
25003_10554,450,99.9,1299
36049_02942,450,99.9,1300
33005_21224,452,100.344,1301
36019_26661,452,100.344,1302
33011_126009,453,100.566,1303
36027_025000,453,100.566,1304
23023_05885,455,101.01,1305
33005_21850,460,102.12,1306
33005_21094,460,102.12,1307
25007_07602,471,104.562,1308
44009_51512,471,104.562,1309
50005_14664,472,104.784,1310
44007_058588,476,105.672,1311
36031_34221,478,106.116,1312
25015_56892,481,106.782,1313
09001_227236,483,107.226,1314
36091_60266,483,107.226,1315
33017_07319,484,107.448,1316
33003_41466,487,108.114,1317
09001_063913,488,108.336,1318
09001_267353,488,108.336,1319
33017_36566,498,110.556,1320
09003_245150,499,110.778,1321
36101_28989,502,111.444,1322
36009_17187,503,111.666,1323
36009_12841,504,111.888,1324
09011_025299,507,112.554,1325
50021_28646,508,112.776,1326
36009_28315,509,112.998,1327
09011_054021,511,113.442,1328
09001_137961,513,113.886,1329
23017_09741,513,113.886,1330
33005_31984,514,114.108,1331
23023_18131,517,114.774,1332
33009_13589,518,114.996,1333
23031_44708,521,115.662,1334
44009_16297,521,115.662,1335
44007_103999,526,116.772,1336
09015_13343,527,116.994,1337
33003_43960,527,116.994,1338
36027_014223,529,117.438,1339
09001_267361,530,117.66,1340
09015_12530,532,118.104,1341
23015_08819,532,118.104,1342
09005_67820,535,118.77,1343
44009_17494,535,118.77,1344
36021_16617,538,119.436,1345
25003_01249,540,119.88,1346
36009_12901,541,120.102,1347
50017_13516,542,120.324,1348
50027_16522,544,120.768,1349
09009_051492,551,122.322,1350
44009_51583,556,123.432,1351
09011_011594,558,123.876,1352
33005_33858,563,124.986,1353
50021_19930,566,125.652,1354
25027_228553,567,125.874,1355
09001_138599,568,126.096,1356
36003_05691,573,127.206,1357
36069_01554,579,128.538,1358
44009_23680,579,128.538,1359
33003_13085,580,128.76,1360
33003_14599,582,129.204,1361
36065_094374,582,129.204,1362
33005_18238,586,130.092,1363
25003_16571,589,130.758,1364
33011_126122,593,131.646,1365
36083_08251,594,131.868,1366
50017_13375,597,132.534,1367
25003_33761,600,133.2,1368
23031_96929,600,133.2,1369
09015_28017,606,134.532,1370
36119_016137,606,134.532,1371
50017_06320,606,134.532,1372
09011_040834,607,134.754,1373
36071_114818,608,134.976,1374
36027_095196,609,135.198,1375
33019_16244,611,135.642,1376
44009_16056,616,136.752,1377
09011_053471,620,137.64,1378
25007_18114,621,137.862,1379
44009_46823,623,138.306,1380
09005_67469,634,140.748,1381
50009_2474,641,142.302,1382
33011_125974,644,142.968,1383
33003_03663,645,143.19,1384
25007_16143,647,143.634,1385
09011_084316,652,144.744,1386
50017_09546,652,144.744,1387
44009_17428,653,144.966,1388
09011_077762,654,145.188,1389
09001_267464,661,146.742,1390
09001_064606,664,147.408,1391
44009_24920,675,149.85,1392
36027_052639,677,150.294,1393
23031_08933,682,151.404,1394
23017_16357,693,153.846,1395
50001_09602,694,154.068,1396
09001_139357,700,155.4,1397
09011_040603,701,155.622,1398
50003_18515,704,156.288,1399
09011_053086,705,156.51,1400
50001_12756,705,156.51,1401
09001_267391,724,160.728,1402
44009_20759,725,160.95,1403
50003_19120,727,161.394,1404
09001_267468,736,163.392,1405
23023_05812,737,163.614,1406
09011_097647,738,163.836,1407
50027_12227,746,165.612,1408
09001_227237,747,165.834,1409
09015_06631,752,166.944,1410
33007_12618,756,167.832,1411
09005_67545,776,172.272,1412
36019_09708,778,172.716,1413
44009_17425,780,173.16,1414
33013_48303,791,175.602,1415
33009_36484,794,176.268,1416
09001_267495,800,177.6,1417
36119_135253,800,177.6,1418
36009_28295,810,179.82,1419
44009_13351,812,180.264,1420
09011_041665,813,180.486,1421
09007_31341,814,180.708,1422
09011_078931,818,181.596,1423
09011_078885,823,182.706,1424
33013_28829,824,182.928,1425
36027_023252,840,186.48,1426
09015_04410,845,187.59,1427
33005_14815,849,188.478,1428
50009_1326,873,193.806,1429
09011_085713,900,199.8,1430
50017_09736,901,200.022,1431
09005_39195,904,200.688,1432
36075_16418,907,201.354,1433
23017_20713,908,201.576,1434
33003_35723,908,201.576,1435
33011_125972,911,202.242,1436
33017_05640,916,203.352,1437
23005_044909,919,204.018,1438
23029_05317,932,206.904,1439
33017_07283,932,206.904,1440
33011_127463,932,206.904,1441
09011_000091,935,207.57,1442
33015_048517,948,210.456,1443
36049_06683,958,212.676,1444
36021_01481,960,213.12,1445
25027_221339,962,213.564,1446
36071_056254,986,218.892,1447
09007_04379,988,219.336,1448
09001_267437,995,220.89,1449
33009_06561,1013,224.886,1450
33011_131297,1026,227.772,1451
09001_139245,1036,229.992,1452
33003_40894,1045,231.99,1453
36049_12005,1053,233.766,1454
09005_40255,1057,234.654,1455
36049_06589,1057,234.654,1456
36079_04012,1064,236.208,1457
50021_01402,1066,236.652,1458
09009_052549,1093,242.646,1459
36031_24223,1111,246.642,1460
36049_08403,1123,249.306,1461
36049_11986,1126,249.972,1462
36049_11985,1127,250.194,1463
23031_98099,1129,250.638,1464
33003_38153,1130,250.86,1465
25013_021150,1143,253.746,1466
36049_08877,1168,259.296,1467
36049_11987,1172,260.184,1468
23031_92404,1174,260.628,1469
36049_08871,1191,264.402,1470
36049_10009,1192,264.624,1471
50003_10832,1193,264.846,1472
09005_75778,1199,266.178,1473
36049_08867,1207,267.954,1474
36049_08346,1208,268.176,1475
36049_08878,1211,268.842,1476
36049_08862,1219,270.618,1477
36049_08873,1221,271.062,1478
36049_13447,1225,271.95,1479
50025_13478,1234,273.948,1480
36019_09341,1238,274.836,1481
36083_10225,1240,275.28,1482
44009_17550,1244,276.168,1483
23023_17994,1256,278.832,1484
50001_02663,1256,278.832,1485
33003_11720,1271,282.162,1486
36049_11975,1276,283.272,1487
25003_39345,1289,286.158,1488
23019_03725,1298,288.156,1489
33005_21330,1313,291.486,1490
36049_03646,1328,294.816,1491
09001_266411,1354,300.588,1492
25013_050090,1361,302.142,1493
36049_08870,1365,303.03,1494
09007_18371,1370,304.14,1495
36049_08860,1373,304.806,1496
33003_40712,1383,307.026,1497
50001_02466,1402,311.244,1498
33003_36382,1443,320.346,1499
36049_11969,1473,327.006,1500
33017_42882,1486,329.892,1501
23017_09596,1555,345.21,1502
33001_10663,1575,349.65,1503
09011_041457,1597,354.534,1504
09005_75426,1610,357.42,1505
33005_14927,1643,364.746,1506
23017_00945,1660,368.52,1507
33003_38612,1665,369.63,1508
09011_097623,1785,396.27,1509
33005_21638,1800,399.6,1510
23029_15176,1812,402.264,1511
09011_025348,1856,412.032,1512
09009_044787,1926,427.572,1513
09011_053281,2037,452.214,1514
25007_17921,2086,463.092,1515
23017_09796,2091,464.202,1516
33019_16214,2124,471.528,1517
09007_18542,2167,481.074,1518
36031_12519,2241,497.502,1519
36019_00411,2306,511.932,1520
09011_041415,2310,512.82,1521
23007_15473,2655,589.41,1522
33003_15043,2664,591.408,1523
23017_36258,2959,656.898,1524
23025_02998,2964,658.008,1525
33003_04246,3402,755.244,1526
09011_000357,3540,785.88,1527
33003_23469,3562,790.764,1528
23019_03724,3700,821.4,1529
33003_38101,3753,833.166,1530
44009_00204,3802,844.044,1531
23021_06945,3924,871.128,1532
09005_67404,4201,932.622,1533
33003_23465,4290,952.38,1534
23017_20620,4919,1092.018,1535
23017_33800,5494,1219.668,1536
09005_84981,11053,2453.766,1537
23009_07237,12869,2856.918,1538
23009_07302,16955,3764.01,1539
23003_12146,49611,11013.642,1540
23025_00013,102432,22739.904,1541
23003_12183,108089,23995.758,1542
